,Model,Dataset,ddG_pred,position,wildtype,mutation,pdb,chain
0,ThermoMPNN,input,0.00048679113388061523,0,T,A,input,A
1,ThermoMPNN,input,-0.06170034408569336,0,T,C,input,A
2,ThermoMPNN,input,0.07350653409957886,0,T,D,input,A
3,ThermoMPNN,input,0.10553407669067383,0,T,E,input,A
4,ThermoMPNN,input,0.1093597412109375,0,T,F,input,A
5,ThermoMPNN,input,0.09991621971130371,0,T,G,input,A
6,ThermoMPNN,input,0.10567611455917358,0,T,H,input,A
7,ThermoMPNN,input,0.08819139003753662,0,T,I,input,A
8,ThermoMPNN,input,0.13041424751281738,0,T,K,input,A
9,ThermoMPNN,input,0.10974502563476562,0,T,L,input,A
10,ThermoMPNN,input,0.12869912385940552,0,T,M,input,A
11,ThermoMPNN,input,0.11086452007293701,0,T,N,input,A
12,ThermoMPNN,input,0.05611705780029297,0,T,P,input,A
13,ThermoMPNN,input,0.11945205926895142,0,T,Q,input,A
14,ThermoMPNN,input,0.13175708055496216,0,T,R,input,A
15,ThermoMPNN,input,-0.018284261226654053,0,T,S,input,A
16,ThermoMPNN,input,0.0,0,T,T,input,A
17,ThermoMPNN,input,0.1218489408493042,0,T,V,input,A
18,ThermoMPNN,input,-0.12557101249694824,0,T,W,input,A
19,ThermoMPNN,input,0.08662420511245728,0,T,Y,input,A
20,ThermoMPNN,input,0.17809563875198364,1,D,A,input,A
21,ThermoMPNN,input,-0.004205644130706787,1,D,C,input,A
22,ThermoMPNN,input,0.0,1,D,D,input,A
23,ThermoMPNN,input,0.036051392555236816,1,D,E,input,A
24,ThermoMPNN,input,0.18276017904281616,1,D,F,input,A
25,ThermoMPNN,input,0.33507871627807617,1,D,G,input,A
26,ThermoMPNN,input,0.1980288028717041,1,D,H,input,A
27,ThermoMPNN,input,0.25880157947540283,1,D,I,input,A
28,ThermoMPNN,input,0.3177676200866699,1,D,K,input,A
29,ThermoMPNN,input,0.1834239959716797,1,D,L,input,A
30,ThermoMPNN,input,0.2562410831451416,1,D,M,input,A
31,ThermoMPNN,input,0.20919430255889893,1,D,N,input,A
32,ThermoMPNN,input,0.33614301681518555,1,D,P,input,A
33,ThermoMPNN,input,0.2009006142616272,1,D,Q,input,A
34,ThermoMPNN,input,0.3099064826965332,1,D,R,input,A
35,ThermoMPNN,input,0.1898297667503357,1,D,S,input,A
36,ThermoMPNN,input,0.18831533193588257,1,D,T,input,A
37,ThermoMPNN,input,0.2565877437591553,1,D,V,input,A
38,ThermoMPNN,input,0.006599307060241699,1,D,W,input,A
39,ThermoMPNN,input,0.21830755472183228,1,D,Y,input,A
40,ThermoMPNN,input,-0.1972203254699707,2,V,A,input,A
41,ThermoMPNN,input,-0.026669740676879883,2,V,C,input,A
42,ThermoMPNN,input,0.7432972192764282,2,V,D,input,A
43,ThermoMPNN,input,0.5468034744262695,2,V,E,input,A
44,ThermoMPNN,input,0.1333378553390503,2,V,F,input,A
45,ThermoMPNN,input,0.34895384311676025,2,V,G,input,A
46,ThermoMPNN,input,0.3642704486846924,2,V,H,input,A
47,ThermoMPNN,input,0.27857381105422974,2,V,I,input,A
48,ThermoMPNN,input,0.24790453910827637,2,V,K,input,A
49,ThermoMPNN,input,0.28593313694000244,2,V,L,input,A
50,ThermoMPNN,input,0.1893814206123352,2,V,M,input,A
51,ThermoMPNN,input,0.6215336322784424,2,V,N,input,A
52,ThermoMPNN,input,0.993134617805481,2,V,P,input,A
53,ThermoMPNN,input,0.3222067356109619,2,V,Q,input,A
54,ThermoMPNN,input,0.13808637857437134,2,V,R,input,A
55,ThermoMPNN,input,0.38315850496292114,2,V,S,input,A
56,ThermoMPNN,input,0.4540596008300781,2,V,T,input,A
57,ThermoMPNN,input,0.0,2,V,V,input,A
58,ThermoMPNN,input,0.2562395930290222,2,V,W,input,A
59,ThermoMPNN,input,0.14593422412872314,2,V,Y,input,A
60,ThermoMPNN,input,0.39508354663848877,3,T,A,input,A
61,ThermoMPNN,input,0.1043938398361206,3,T,C,input,A
62,ThermoMPNN,input,0.23329782485961914,3,T,D,input,A
63,ThermoMPNN,input,0.42384207248687744,3,T,E,input,A
64,ThermoMPNN,input,0.23798584938049316,3,T,F,input,A
65,ThermoMPNN,input,0.5360855460166931,3,T,G,input,A
66,ThermoMPNN,input,0.16360759735107422,3,T,H,input,A
67,ThermoMPNN,input,0.4275950789451599,3,T,I,input,A
68,ThermoMPNN,input,0.4228646159172058,3,T,K,input,A
69,ThermoMPNN,input,0.3767850995063782,3,T,L,input,A
70,ThermoMPNN,input,0.4828125834465027,3,T,M,input,A
71,ThermoMPNN,input,0.0624464750289917,3,T,N,input,A
72,ThermoMPNN,input,0.2834564447402954,3,T,P,input,A
73,ThermoMPNN,input,0.5113292932510376,3,T,Q,input,A
74,ThermoMPNN,input,0.3829174041748047,3,T,R,input,A
75,ThermoMPNN,input,0.0018782615661621094,3,T,S,input,A
76,ThermoMPNN,input,0.0,3,T,T,input,A
77,ThermoMPNN,input,0.40181660652160645,3,T,V,input,A
78,ThermoMPNN,input,0.2278624176979065,3,T,W,input,A
79,ThermoMPNN,input,0.19562196731567383,3,T,Y,input,A
80,ThermoMPNN,input,0.24539047479629517,4,I,A,input,A
81,ThermoMPNN,input,0.022593796253204346,4,I,C,input,A
82,ThermoMPNN,input,0.513288140296936,4,I,D,input,A
83,ThermoMPNN,input,0.4596410393714905,4,I,E,input,A
84,ThermoMPNN,input,-0.12474805116653442,4,I,F,input,A
85,ThermoMPNN,input,0.37736135721206665,4,I,G,input,A
86,ThermoMPNN,input,0.055638134479522705,4,I,H,input,A
87,ThermoMPNN,input,0.0,4,I,I,input,A
88,ThermoMPNN,input,0.2959499955177307,4,I,K,input,A
89,ThermoMPNN,input,0.10438960790634155,4,I,L,input,A
90,ThermoMPNN,input,0.18960994482040405,4,I,M,input,A
91,ThermoMPNN,input,0.3875626027584076,4,I,N,input,A
92,ThermoMPNN,input,0.18428313732147217,4,I,P,input,A
93,ThermoMPNN,input,0.360048770904541,4,I,Q,input,A
94,ThermoMPNN,input,0.24923443794250488,4,I,R,input,A
95,ThermoMPNN,input,0.2511693239212036,4,I,S,input,A
96,ThermoMPNN,input,0.17279374599456787,4,I,T,input,A
97,ThermoMPNN,input,-0.003063380718231201,4,I,V,input,A
98,ThermoMPNN,input,-0.21066468954086304,4,I,W,input,A
99,ThermoMPNN,input,-0.21403807401657104,4,I,Y,input,A
100,ThermoMPNN,input,0.2606908082962036,5,K,A,input,A
101,ThermoMPNN,input,0.40337592363357544,5,K,C,input,A
102,ThermoMPNN,input,1.0019798278808594,5,K,D,input,A
103,ThermoMPNN,input,0.6818024516105652,5,K,E,input,A
104,ThermoMPNN,input,0.5460152626037598,5,K,F,input,A
105,ThermoMPNN,input,0.7361951470375061,5,K,G,input,A
106,ThermoMPNN,input,0.4554123878479004,5,K,H,input,A
107,ThermoMPNN,input,0.47689729928970337,5,K,I,input,A
108,ThermoMPNN,input,0.0,5,K,K,input,A
109,ThermoMPNN,input,0.4809887409210205,5,K,L,input,A
110,ThermoMPNN,input,0.49230456352233887,5,K,M,input,A
111,ThermoMPNN,input,0.6382316946983337,5,K,N,input,A
112,ThermoMPNN,input,1.3063204288482666,5,K,P,input,A
113,ThermoMPNN,input,0.32235002517700195,5,K,Q,input,A
114,ThermoMPNN,input,0.0235137939453125,5,K,R,input,A
115,ThermoMPNN,input,0.43488001823425293,5,K,S,input,A
116,ThermoMPNN,input,0.5473133325576782,5,K,T,input,A
117,ThermoMPNN,input,0.5962051153182983,5,K,V,input,A
118,ThermoMPNN,input,0.4681288003921509,5,K,W,input,A
119,ThermoMPNN,input,0.44975221157073975,5,K,Y,input,A
120,ThermoMPNN,input,-0.09350043535232544,6,T,A,input,A
121,ThermoMPNN,input,-0.0681951642036438,6,T,C,input,A
122,ThermoMPNN,input,0.3204149305820465,6,T,D,input,A
123,ThermoMPNN,input,0.06817507743835449,6,T,E,input,A
124,ThermoMPNN,input,0.12735748291015625,6,T,F,input,A
125,ThermoMPNN,input,0.40161579847335815,6,T,G,input,A
126,ThermoMPNN,input,-0.00910043716430664,6,T,H,input,A
127,ThermoMPNN,input,-0.08387964963912964,6,T,I,input,A
128,ThermoMPNN,input,-0.23811280727386475,6,T,K,input,A
129,ThermoMPNN,input,0.014784514904022217,6,T,L,input,A
130,ThermoMPNN,input,0.08475196361541748,6,T,M,input,A
131,ThermoMPNN,input,0.1785563826560974,6,T,N,input,A
132,ThermoMPNN,input,0.45067790150642395,6,T,P,input,A
133,ThermoMPNN,input,-0.04792386293411255,6,T,Q,input,A
134,ThermoMPNN,input,-0.24640846252441406,6,T,R,input,A
135,ThermoMPNN,input,0.003509223461151123,6,T,S,input,A
136,ThermoMPNN,input,0.0,6,T,T,input,A
137,ThermoMPNN,input,-0.0850878357887268,6,T,V,input,A
138,ThermoMPNN,input,-0.04593396186828613,6,T,W,input,A
139,ThermoMPNN,input,-0.029539942741394043,6,T,Y,input,A
140,ThermoMPNN,input,-0.19742047786712646,7,L,A,input,A
141,ThermoMPNN,input,-0.026982784271240234,7,L,C,input,A
142,ThermoMPNN,input,0.6018880009651184,7,L,D,input,A
143,ThermoMPNN,input,0.3945848345756531,7,L,E,input,A
144,ThermoMPNN,input,0.20057880878448486,7,L,F,input,A
145,ThermoMPNN,input,0.4944143295288086,7,L,G,input,A
146,ThermoMPNN,input,0.46535152196884155,7,L,H,input,A
147,ThermoMPNN,input,0.16857784986495972,7,L,I,input,A
148,ThermoMPNN,input,0.3485296964645386,7,L,K,input,A
149,ThermoMPNN,input,0.0,7,L,L,input,A
150,ThermoMPNN,input,0.07646030187606812,7,L,M,input,A
151,ThermoMPNN,input,0.5865833759307861,7,L,N,input,A
152,ThermoMPNN,input,1.0208230018615723,7,L,P,input,A
153,ThermoMPNN,input,0.3921012878417969,7,L,Q,input,A
154,ThermoMPNN,input,0.30081886053085327,7,L,R,input,A
155,ThermoMPNN,input,0.25309211015701294,7,L,S,input,A
156,ThermoMPNN,input,0.41610586643218994,7,L,T,input,A
157,ThermoMPNN,input,0.2504538297653198,7,L,V,input,A
158,ThermoMPNN,input,0.06530487537384033,7,L,W,input,A
159,ThermoMPNN,input,0.178796648979187,7,L,Y,input,A
160,ThermoMPNN,input,0.0,8,A,A,input,A
161,ThermoMPNN,input,0.007401585578918457,8,A,C,input,A
162,ThermoMPNN,input,0.5409055948257446,8,A,D,input,A
163,ThermoMPNN,input,0.27552521228790283,8,A,E,input,A
164,ThermoMPNN,input,0.1325228214263916,8,A,F,input,A
165,ThermoMPNN,input,0.5716780424118042,8,A,G,input,A
166,ThermoMPNN,input,0.33327311277389526,8,A,H,input,A
167,ThermoMPNN,input,0.12778222560882568,8,A,I,input,A
168,ThermoMPNN,input,0.42234939336776733,8,A,K,input,A
169,ThermoMPNN,input,0.22118180990219116,8,A,L,input,A
170,ThermoMPNN,input,0.19704854488372803,8,A,M,input,A
171,ThermoMPNN,input,0.5796842575073242,8,A,N,input,A
172,ThermoMPNN,input,0.7665177583694458,8,A,P,input,A
173,ThermoMPNN,input,0.35617518424987793,8,A,Q,input,A
174,ThermoMPNN,input,0.347659707069397,8,A,R,input,A
175,ThermoMPNN,input,0.3265051245689392,8,A,S,input,A
176,ThermoMPNN,input,0.28240615129470825,8,A,T,input,A
177,ThermoMPNN,input,0.07225233316421509,8,A,V,input,A
178,ThermoMPNN,input,-0.07235419750213623,8,A,W,input,A
179,ThermoMPNN,input,0.0400657057762146,8,A,Y,input,A
180,ThermoMPNN,input,0.0,9,A,A,input,A
181,ThermoMPNN,input,0.03728705644607544,9,A,C,input,A
182,ThermoMPNN,input,0.4141732454299927,9,A,D,input,A
183,ThermoMPNN,input,0.08415365219116211,9,A,E,input,A
184,ThermoMPNN,input,0.253386914730072,9,A,F,input,A
185,ThermoMPNN,input,0.5626823902130127,9,A,G,input,A
186,ThermoMPNN,input,0.25249624252319336,9,A,H,input,A
187,ThermoMPNN,input,0.12794232368469238,9,A,I,input,A
188,ThermoMPNN,input,-0.015301346778869629,9,A,K,input,A
189,ThermoMPNN,input,0.027449309825897217,9,A,L,input,A
190,ThermoMPNN,input,0.0342862606048584,9,A,M,input,A
191,ThermoMPNN,input,0.34469759464263916,9,A,N,input,A
192,ThermoMPNN,input,1.445073127746582,9,A,P,input,A
193,ThermoMPNN,input,0.01865440607070923,9,A,Q,input,A
194,ThermoMPNN,input,0.004599392414093018,9,A,R,input,A
195,ThermoMPNN,input,0.23167043924331665,9,A,S,input,A
196,ThermoMPNN,input,0.25719553232192993,9,A,T,input,A
197,ThermoMPNN,input,0.2554006576538086,9,A,V,input,A
198,ThermoMPNN,input,0.1381949782371521,9,A,W,input,A
199,ThermoMPNN,input,0.2132970094680786,9,A,Y,input,A
200,ThermoMPNN,input,0.020020723342895508,10,E,A,input,A
201,ThermoMPNN,input,-0.17570137977600098,10,E,C,input,A
202,ThermoMPNN,input,0.18383842706680298,10,E,D,input,A
203,ThermoMPNN,input,0.0,10,E,E,input,A
204,ThermoMPNN,input,0.06211292743682861,10,E,F,input,A
205,ThermoMPNN,input,0.41796594858169556,10,E,G,input,A
206,ThermoMPNN,input,0.19078892469406128,10,E,H,input,A
207,ThermoMPNN,input,0.08602535724639893,10,E,I,input,A
208,ThermoMPNN,input,0.17552036046981812,10,E,K,input,A
209,ThermoMPNN,input,0.04641062021255493,10,E,L,input,A
210,ThermoMPNN,input,0.05783545970916748,10,E,M,input,A
211,ThermoMPNN,input,0.29746299982070923,10,E,N,input,A
212,ThermoMPNN,input,0.6984732151031494,10,E,P,input,A
213,ThermoMPNN,input,0.09355372190475464,10,E,Q,input,A
214,ThermoMPNN,input,0.14796632528305054,10,E,R,input,A
215,ThermoMPNN,input,0.18187004327774048,10,E,S,input,A
216,ThermoMPNN,input,0.20018857717514038,10,E,T,input,A
217,ThermoMPNN,input,0.15701258182525635,10,E,V,input,A
218,ThermoMPNN,input,-0.13897216320037842,10,E,W,input,A
219,ThermoMPNN,input,0.08037537336349487,10,E,Y,input,A
220,ThermoMPNN,input,0.27501004934310913,11,R,A,input,A
221,ThermoMPNN,input,0.036003053188323975,11,R,C,input,A
222,ThermoMPNN,input,0.4093870520591736,11,R,D,input,A
223,ThermoMPNN,input,0.4059784412384033,11,R,E,input,A
224,ThermoMPNN,input,0.17984670400619507,11,R,F,input,A
225,ThermoMPNN,input,0.5571391582489014,11,R,G,input,A
226,ThermoMPNN,input,0.15204262733459473,11,R,H,input,A
227,ThermoMPNN,input,0.1821904182434082,11,R,I,input,A
228,ThermoMPNN,input,0.1005905270576477,11,R,K,input,A
229,ThermoMPNN,input,0.22569996118545532,11,R,L,input,A
230,ThermoMPNN,input,0.2614326477050781,11,R,M,input,A
231,ThermoMPNN,input,0.15573233366012573,11,R,N,input,A
232,ThermoMPNN,input,0.5887867212295532,11,R,P,input,A
233,ThermoMPNN,input,0.2717530131340027,11,R,Q,input,A
234,ThermoMPNN,input,0.0,11,R,R,input,A
235,ThermoMPNN,input,0.16904878616333008,11,R,S,input,A
236,ThermoMPNN,input,0.09278428554534912,11,R,T,input,A
237,ThermoMPNN,input,0.17128610610961914,11,R,V,input,A
238,ThermoMPNN,input,0.07176744937896729,11,R,W,input,A
239,ThermoMPNN,input,0.12206393480300903,11,R,Y,input,A
240,ThermoMPNN,input,-0.07530367374420166,12,Q,A,input,A
241,ThermoMPNN,input,0.09543895721435547,12,Q,C,input,A
242,ThermoMPNN,input,0.342437744140625,12,Q,D,input,A
243,ThermoMPNN,input,0.1643310785293579,12,Q,E,input,A
244,ThermoMPNN,input,0.31427836418151855,12,Q,F,input,A
245,ThermoMPNN,input,0.1793319582939148,12,Q,G,input,A
246,ThermoMPNN,input,0.1942436695098877,12,Q,H,input,A
247,ThermoMPNN,input,0.2914726734161377,12,Q,I,input,A
248,ThermoMPNN,input,-0.0018584728240966797,12,Q,K,input,A
249,ThermoMPNN,input,0.2725011110305786,12,Q,L,input,A
250,ThermoMPNN,input,0.1656022071838379,12,Q,M,input,A
251,ThermoMPNN,input,0.27227669954299927,12,Q,N,input,A
252,ThermoMPNN,input,0.8993862271308899,12,Q,P,input,A
253,ThermoMPNN,input,0.0,12,Q,Q,input,A
254,ThermoMPNN,input,0.03862971067428589,12,Q,R,input,A
255,ThermoMPNN,input,0.094363272190094,12,Q,S,input,A
256,ThermoMPNN,input,0.2688693404197693,12,Q,T,input,A
257,ThermoMPNN,input,0.3885388970375061,12,Q,V,input,A
258,ThermoMPNN,input,0.2668076157569885,12,Q,W,input,A
259,ThermoMPNN,input,0.3224198818206787,12,Q,Y,input,A
260,ThermoMPNN,input,-0.04105883836746216,13,T,A,input,A
261,ThermoMPNN,input,-0.1845383644104004,13,T,C,input,A
262,ThermoMPNN,input,-0.3320884108543396,13,T,D,input,A
263,ThermoMPNN,input,-0.16126763820648193,13,T,E,input,A
264,ThermoMPNN,input,0.24052268266677856,13,T,F,input,A
265,ThermoMPNN,input,-0.03515589237213135,13,T,G,input,A
266,ThermoMPNN,input,0.168026864528656,13,T,H,input,A
267,ThermoMPNN,input,0.3305188715457916,13,T,I,input,A
268,ThermoMPNN,input,0.2616099715232849,13,T,K,input,A
269,ThermoMPNN,input,0.14663618803024292,13,T,L,input,A
270,ThermoMPNN,input,0.18387514352798462,13,T,M,input,A
271,ThermoMPNN,input,-0.09071129560470581,13,T,N,input,A
272,ThermoMPNN,input,0.26273131370544434,13,T,P,input,A
273,ThermoMPNN,input,0.1253853440284729,13,T,Q,input,A
274,ThermoMPNN,input,0.3505018353462219,13,T,R,input,A
275,ThermoMPNN,input,-0.13584941625595093,13,T,S,input,A
276,ThermoMPNN,input,0.0,13,T,T,input,A
277,ThermoMPNN,input,0.33563849329948425,13,T,V,input,A
278,ThermoMPNN,input,0.045521438121795654,13,T,W,input,A
279,ThermoMPNN,input,0.29853713512420654,13,T,Y,input,A
280,ThermoMPNN,input,0.0792853832244873,14,S,A,input,A
281,ThermoMPNN,input,0.03304004669189453,14,S,C,input,A
282,ThermoMPNN,input,0.10627102851867676,14,S,D,input,A
283,ThermoMPNN,input,0.0024927854537963867,14,S,E,input,A
284,ThermoMPNN,input,0.41593313217163086,14,S,F,input,A
285,ThermoMPNN,input,0.32540738582611084,14,S,G,input,A
286,ThermoMPNN,input,0.4260569214820862,14,S,H,input,A
287,ThermoMPNN,input,0.4753069281578064,14,S,I,input,A
288,ThermoMPNN,input,0.5263631343841553,14,S,K,input,A
289,ThermoMPNN,input,0.4362151622772217,14,S,L,input,A
290,ThermoMPNN,input,0.3873369097709656,14,S,M,input,A
291,ThermoMPNN,input,0.34180742502212524,14,S,N,input,A
292,ThermoMPNN,input,0.693638801574707,14,S,P,input,A
293,ThermoMPNN,input,0.3491583466529846,14,S,Q,input,A
294,ThermoMPNN,input,0.5445433259010315,14,S,R,input,A
295,ThermoMPNN,input,0.0,14,S,S,input,A
296,ThermoMPNN,input,0.1955798864364624,14,S,T,input,A
297,ThermoMPNN,input,0.47418731451034546,14,S,V,input,A
298,ThermoMPNN,input,0.26394879817962646,14,S,W,input,A
299,ThermoMPNN,input,0.47395920753479004,14,S,Y,input,A
300,ThermoMPNN,input,0.3904317021369934,15,V,A,input,A
301,ThermoMPNN,input,0.15975165367126465,15,V,C,input,A
302,ThermoMPNN,input,0.920217752456665,15,V,D,input,A
303,ThermoMPNN,input,0.7993603944778442,15,V,E,input,A
304,ThermoMPNN,input,-0.16523361206054688,15,V,F,input,A
305,ThermoMPNN,input,1.0352015495300293,15,V,G,input,A
306,ThermoMPNN,input,0.403886079788208,15,V,H,input,A
307,ThermoMPNN,input,-0.010571718215942383,15,V,I,input,A
308,ThermoMPNN,input,0.7528999447822571,15,V,K,input,A
309,ThermoMPNN,input,0.07486075162887573,15,V,L,input,A
310,ThermoMPNN,input,0.1897730827331543,15,V,M,input,A
311,ThermoMPNN,input,0.7807497978210449,15,V,N,input,A
312,ThermoMPNN,input,0.8752254247665405,15,V,P,input,A
313,ThermoMPNN,input,0.6721385717391968,15,V,Q,input,A
314,ThermoMPNN,input,0.6917967796325684,15,V,R,input,A
315,ThermoMPNN,input,0.7209941148757935,15,V,S,input,A
316,ThermoMPNN,input,0.5013301372528076,15,V,T,input,A
317,ThermoMPNN,input,0.0,15,V,V,input,A
318,ThermoMPNN,input,-0.25445556640625,15,V,W,input,A
319,ThermoMPNN,input,-0.35494959354400635,15,V,Y,input,A
320,ThermoMPNN,input,0.004639744758605957,16,E,A,input,A
321,ThermoMPNN,input,0.13149642944335938,16,E,C,input,A
322,ThermoMPNN,input,0.414165198802948,16,E,D,input,A
323,ThermoMPNN,input,0.0,16,E,E,input,A
324,ThermoMPNN,input,0.34728413820266724,16,E,F,input,A
325,ThermoMPNN,input,0.5840376615524292,16,E,G,input,A
326,ThermoMPNN,input,0.43689167499542236,16,E,H,input,A
327,ThermoMPNN,input,0.3299429416656494,16,E,I,input,A
328,ThermoMPNN,input,0.4085056781768799,16,E,K,input,A
329,ThermoMPNN,input,0.3655843734741211,16,E,L,input,A
330,ThermoMPNN,input,0.33205604553222656,16,E,M,input,A
331,ThermoMPNN,input,0.5787651538848877,16,E,N,input,A
332,ThermoMPNN,input,0.9822105765342712,16,E,P,input,A
333,ThermoMPNN,input,0.3102914094924927,16,E,Q,input,A
334,ThermoMPNN,input,0.325661301612854,16,E,R,input,A
335,ThermoMPNN,input,0.3518257141113281,16,E,S,input,A
336,ThermoMPNN,input,0.4869326949119568,16,E,T,input,A
337,ThermoMPNN,input,0.38784319162368774,16,E,V,input,A
338,ThermoMPNN,input,0.11024928092956543,16,E,W,input,A
339,ThermoMPNN,input,0.18452322483062744,16,E,Y,input,A
340,ThermoMPNN,input,0.2818601727485657,17,R,A,input,A
341,ThermoMPNN,input,0.2885475754737854,17,R,C,input,A
342,ThermoMPNN,input,0.8797163367271423,17,R,D,input,A
343,ThermoMPNN,input,0.5070042014122009,17,R,E,input,A
344,ThermoMPNN,input,0.3215213418006897,17,R,F,input,A
345,ThermoMPNN,input,0.8680447340011597,17,R,G,input,A
346,ThermoMPNN,input,0.41631656885147095,17,R,H,input,A
347,ThermoMPNN,input,0.1852327585220337,17,R,I,input,A
348,ThermoMPNN,input,0.06655573844909668,17,R,K,input,A
349,ThermoMPNN,input,0.3409069776535034,17,R,L,input,A
350,ThermoMPNN,input,0.3553037643432617,17,R,M,input,A
351,ThermoMPNN,input,0.72353196144104,17,R,N,input,A
352,ThermoMPNN,input,1.0484551191329956,17,R,P,input,A
353,ThermoMPNN,input,0.3368411064147949,17,R,Q,input,A
354,ThermoMPNN,input,0.0,17,R,R,input,A
355,ThermoMPNN,input,0.5447102785110474,17,R,S,input,A
356,ThermoMPNN,input,0.5249508023262024,17,R,T,input,A
357,ThermoMPNN,input,0.3288751244544983,17,R,V,input,A
358,ThermoMPNN,input,0.1633385419845581,17,R,W,input,A
359,ThermoMPNN,input,0.1777275800704956,17,R,Y,input,A
360,ThermoMPNN,input,-0.03209108114242554,18,L,A,input,A
361,ThermoMPNN,input,-0.05817526578903198,18,L,C,input,A
362,ThermoMPNN,input,0.43268704414367676,18,L,D,input,A
363,ThermoMPNN,input,0.3223358988761902,18,L,E,input,A
364,ThermoMPNN,input,-0.15881317853927612,18,L,F,input,A
365,ThermoMPNN,input,0.3459717035293579,18,L,G,input,A
366,ThermoMPNN,input,0.15548020601272583,18,L,H,input,A
367,ThermoMPNN,input,0.03577256202697754,18,L,I,input,A
368,ThermoMPNN,input,0.14582622051239014,18,L,K,input,A
369,ThermoMPNN,input,0.0,18,L,L,input,A
370,ThermoMPNN,input,0.017513930797576904,18,L,M,input,A
371,ThermoMPNN,input,0.3375678062438965,18,L,N,input,A
372,ThermoMPNN,input,0.6552157402038574,18,L,P,input,A
373,ThermoMPNN,input,0.2041853666305542,18,L,Q,input,A
374,ThermoMPNN,input,0.09843266010284424,18,L,R,input,A
375,ThermoMPNN,input,0.20304805040359497,18,L,S,input,A
376,ThermoMPNN,input,0.23887264728546143,18,L,T,input,A
377,ThermoMPNN,input,0.05853837728500366,18,L,V,input,A
378,ThermoMPNN,input,-0.2684968113899231,18,L,W,input,A
379,ThermoMPNN,input,-0.2112252116203308,18,L,Y,input,A
380,ThermoMPNN,input,-0.19149696826934814,19,V,A,input,A
381,ThermoMPNN,input,-0.017152607440948486,19,V,C,input,A
382,ThermoMPNN,input,0.4613778293132782,19,V,D,input,A
383,ThermoMPNN,input,0.48054465651512146,19,V,E,input,A
384,ThermoMPNN,input,-0.18165051937103271,19,V,F,input,A
385,ThermoMPNN,input,0.15873640775680542,19,V,G,input,A
386,ThermoMPNN,input,0.23939096927642822,19,V,H,input,A
387,ThermoMPNN,input,0.08551609516143799,19,V,I,input,A
388,ThermoMPNN,input,0.22035199403762817,19,V,K,input,A
389,ThermoMPNN,input,0.06892222166061401,19,V,L,input,A
390,ThermoMPNN,input,0.10653954744338989,19,V,M,input,A
391,ThermoMPNN,input,0.4241377115249634,19,V,N,input,A
392,ThermoMPNN,input,0.32620903849601746,19,V,P,input,A
393,ThermoMPNN,input,0.30904537439346313,19,V,Q,input,A
394,ThermoMPNN,input,0.1546366810798645,19,V,R,input,A
395,ThermoMPNN,input,0.1741790771484375,19,V,S,input,A
396,ThermoMPNN,input,0.243979811668396,19,V,T,input,A
397,ThermoMPNN,input,0.0,19,V,V,input,A
398,ThermoMPNN,input,-0.21612679958343506,19,V,W,input,A
399,ThermoMPNN,input,-0.15968459844589233,19,V,Y,input,A
400,ThermoMPNN,input,0.11046123504638672,20,Q,A,input,A
401,ThermoMPNN,input,0.15636217594146729,20,Q,C,input,A
402,ThermoMPNN,input,0.6745023131370544,20,Q,D,input,A
403,ThermoMPNN,input,0.30152803659439087,20,Q,E,input,A
404,ThermoMPNN,input,0.30834364891052246,20,Q,F,input,A
405,ThermoMPNN,input,0.7363177537918091,20,Q,G,input,A
406,ThermoMPNN,input,0.288984477519989,20,Q,H,input,A
407,ThermoMPNN,input,0.18363571166992188,20,Q,I,input,A
408,ThermoMPNN,input,-0.019385457038879395,20,Q,K,input,A
409,ThermoMPNN,input,0.1990954875946045,20,Q,L,input,A
410,ThermoMPNN,input,0.1358354091644287,20,Q,M,input,A
411,ThermoMPNN,input,0.5704881548881531,20,Q,N,input,A
412,ThermoMPNN,input,1.5161535739898682,20,Q,P,input,A
413,ThermoMPNN,input,0.0,20,Q,Q,input,A
414,ThermoMPNN,input,0.007004141807556152,20,Q,R,input,A
415,ThermoMPNN,input,0.35297489166259766,20,Q,S,input,A
416,ThermoMPNN,input,0.4207112789154053,20,Q,T,input,A
417,ThermoMPNN,input,0.30496537685394287,20,Q,V,input,A
418,ThermoMPNN,input,0.13391709327697754,20,Q,W,input,A
419,ThermoMPNN,input,0.23039460182189941,20,Q,Y,input,A
420,ThermoMPNN,input,0.022529959678649902,21,Q,A,input,A
421,ThermoMPNN,input,-0.09870219230651855,21,Q,C,input,A
422,ThermoMPNN,input,0.38343653082847595,21,Q,D,input,A
423,ThermoMPNN,input,0.08437764644622803,21,Q,E,input,A
424,ThermoMPNN,input,-0.20433998107910156,21,Q,F,input,A
425,ThermoMPNN,input,0.5153493881225586,21,Q,G,input,A
426,ThermoMPNN,input,0.03741097450256348,21,Q,H,input,A
427,ThermoMPNN,input,-0.34450262784957886,21,Q,I,input,A
428,ThermoMPNN,input,-0.022209644317626953,21,Q,K,input,A
429,ThermoMPNN,input,-0.2648046612739563,21,Q,L,input,A
430,ThermoMPNN,input,-0.23759716749191284,21,Q,M,input,A
431,ThermoMPNN,input,0.3387371599674225,21,Q,N,input,A
432,ThermoMPNN,input,0.48514118790626526,21,Q,P,input,A
433,ThermoMPNN,input,0.0,21,Q,Q,input,A
434,ThermoMPNN,input,-0.053057968616485596,21,Q,R,input,A
435,ThermoMPNN,input,0.2193847894668579,21,Q,S,input,A
436,ThermoMPNN,input,0.16567569971084595,21,Q,T,input,A
437,ThermoMPNN,input,-0.09398418664932251,21,Q,V,input,A
438,ThermoMPNN,input,-0.26984697580337524,21,Q,W,input,A
439,ThermoMPNN,input,-0.26192229986190796,21,Q,Y,input,A
440,ThermoMPNN,input,0.620703399181366,22,F,A,input,A
441,ThermoMPNN,input,0.34599602222442627,22,F,C,input,A
442,ThermoMPNN,input,1.0626304149627686,22,F,D,input,A
443,ThermoMPNN,input,0.9984788298606873,22,F,E,input,A
444,ThermoMPNN,input,0.0,22,F,F,input,A
445,ThermoMPNN,input,0.8644702434539795,22,F,G,input,A
446,ThermoMPNN,input,0.648484468460083,22,F,H,input,A
447,ThermoMPNN,input,0.5787824988365173,22,F,I,input,A
448,ThermoMPNN,input,0.626449704170227,22,F,K,input,A
449,ThermoMPNN,input,0.5261616706848145,22,F,L,input,A
450,ThermoMPNN,input,0.5131768584251404,22,F,M,input,A
451,ThermoMPNN,input,0.8604767322540283,22,F,N,input,A
452,ThermoMPNN,input,1.2538907527923584,22,F,P,input,A
453,ThermoMPNN,input,0.7967544794082642,22,F,Q,input,A
454,ThermoMPNN,input,0.5376750230789185,22,F,R,input,A
455,ThermoMPNN,input,0.7293058037757874,22,F,S,input,A
456,ThermoMPNN,input,0.7778424024581909,22,F,T,input,A
457,ThermoMPNN,input,0.6625017523765564,22,F,V,input,A
458,ThermoMPNN,input,0.027845382690429688,22,F,W,input,A
459,ThermoMPNN,input,0.1077728271484375,22,F,Y,input,A
460,ThermoMPNN,input,0.0,23,A,A,input,A
461,ThermoMPNN,input,0.14998704195022583,23,A,C,input,A
462,ThermoMPNN,input,0.5332494974136353,23,A,D,input,A
463,ThermoMPNN,input,0.23933762311935425,23,A,E,input,A
464,ThermoMPNN,input,0.432952880859375,23,A,F,input,A
465,ThermoMPNN,input,0.5019804835319519,23,A,G,input,A
466,ThermoMPNN,input,0.36374038457870483,23,A,H,input,A
467,ThermoMPNN,input,0.3360673189163208,23,A,I,input,A
468,ThermoMPNN,input,0.11308592557907104,23,A,K,input,A
469,ThermoMPNN,input,0.2578763961791992,23,A,L,input,A
470,ThermoMPNN,input,0.23138272762298584,23,A,M,input,A
471,ThermoMPNN,input,0.4260528087615967,23,A,N,input,A
472,ThermoMPNN,input,1.1530776023864746,23,A,P,input,A
473,ThermoMPNN,input,0.18197929859161377,23,A,Q,input,A
474,ThermoMPNN,input,0.12117469310760498,23,A,R,input,A
475,ThermoMPNN,input,0.2650567889213562,23,A,S,input,A
476,ThermoMPNN,input,0.41474729776382446,23,A,T,input,A
477,ThermoMPNN,input,0.3477312922477722,23,A,V,input,A
478,ThermoMPNN,input,0.3154476284980774,23,A,W,input,A
479,ThermoMPNN,input,0.4149180054664612,23,A,Y,input,A
480,ThermoMPNN,input,-0.3021942973136902,24,D,A,input,A
481,ThermoMPNN,input,-0.2755039930343628,24,D,C,input,A
482,ThermoMPNN,input,0.0,24,D,D,input,A
483,ThermoMPNN,input,-0.31893056631088257,24,D,E,input,A
484,ThermoMPNN,input,-0.021773219108581543,24,D,F,input,A
485,ThermoMPNN,input,0.30369409918785095,24,D,G,input,A
486,ThermoMPNN,input,-0.06874191761016846,24,D,H,input,A
487,ThermoMPNN,input,-0.20211923122406006,24,D,I,input,A
488,ThermoMPNN,input,-0.24698704481124878,24,D,K,input,A
489,ThermoMPNN,input,-0.21452993154525757,24,D,L,input,A
490,ThermoMPNN,input,-0.18572062253952026,24,D,M,input,A
491,ThermoMPNN,input,0.0944938063621521,24,D,N,input,A
492,ThermoMPNN,input,0.6771089434623718,24,D,P,input,A
493,ThermoMPNN,input,-0.27308499813079834,24,D,Q,input,A
494,ThermoMPNN,input,-0.26407140493392944,24,D,R,input,A
495,ThermoMPNN,input,-0.09265482425689697,24,D,S,input,A
496,ThermoMPNN,input,-0.06842488050460815,24,D,T,input,A
497,ThermoMPNN,input,-0.1725081205368042,24,D,V,input,A
498,ThermoMPNN,input,-0.24319100379943848,24,D,W,input,A
499,ThermoMPNN,input,-0.10418039560317993,24,D,Y,input,A
500,ThermoMPNN,input,0.0,25,A,A,input,A
501,ThermoMPNN,input,-0.12214720249176025,25,A,C,input,A
502,ThermoMPNN,input,0.4769420325756073,25,A,D,input,A
503,ThermoMPNN,input,0.20673024654388428,25,A,E,input,A
504,ThermoMPNN,input,-0.15241694450378418,25,A,F,input,A
505,ThermoMPNN,input,0.36720457673072815,25,A,G,input,A
506,ThermoMPNN,input,0.0358920693397522,25,A,H,input,A
507,ThermoMPNN,input,-0.1681627631187439,25,A,I,input,A
508,ThermoMPNN,input,-0.20512187480926514,25,A,K,input,A
509,ThermoMPNN,input,-0.13596200942993164,25,A,L,input,A
510,ThermoMPNN,input,-0.1420433521270752,25,A,M,input,A
511,ThermoMPNN,input,0.2446475625038147,25,A,N,input,A
512,ThermoMPNN,input,0.6440425515174866,25,A,P,input,A
513,ThermoMPNN,input,-0.02666860818862915,25,A,Q,input,A
514,ThermoMPNN,input,-0.20848000049591064,25,A,R,input,A
515,ThermoMPNN,input,0.1512964367866516,25,A,S,input,A
516,ThermoMPNN,input,0.11380356550216675,25,A,T,input,A
517,ThermoMPNN,input,0.00967264175415039,25,A,V,input,A
518,ThermoMPNN,input,-0.16338121891021729,25,A,W,input,A
519,ThermoMPNN,input,-0.1817840337753296,25,A,Y,input,A
520,ThermoMPNN,input,0.5207430124282837,26,G,A,input,A
521,ThermoMPNN,input,0.24053001403808594,26,G,C,input,A
522,ThermoMPNN,input,0.741504967212677,26,G,D,input,A
523,ThermoMPNN,input,0.6915274262428284,26,G,E,input,A
524,ThermoMPNN,input,0.5754576921463013,26,G,F,input,A
525,ThermoMPNN,input,0.0,26,G,G,input,A
526,ThermoMPNN,input,0.5685888528823853,26,G,H,input,A
527,ThermoMPNN,input,0.8465921878814697,26,G,I,input,A
528,ThermoMPNN,input,0.5104408264160156,26,G,K,input,A
529,ThermoMPNN,input,0.5201232433319092,26,G,L,input,A
530,ThermoMPNN,input,0.5119011998176575,26,G,M,input,A
531,ThermoMPNN,input,0.4369931221008301,26,G,N,input,A
532,ThermoMPNN,input,1.4652721881866455,26,G,P,input,A
533,ThermoMPNN,input,0.5631726980209351,26,G,Q,input,A
534,ThermoMPNN,input,0.5972709059715271,26,G,R,input,A
535,ThermoMPNN,input,0.6093173623085022,26,G,S,input,A
536,ThermoMPNN,input,0.8006244897842407,26,G,T,input,A
537,ThermoMPNN,input,0.8217897415161133,26,G,V,input,A
538,ThermoMPNN,input,0.7516449689865112,26,G,W,input,A
539,ThermoMPNN,input,0.6931089162826538,26,G,Y,input,A
540,ThermoMPNN,input,0.13634026050567627,27,I,A,input,A
541,ThermoMPNN,input,0.019357800483703613,27,I,C,input,A
542,ThermoMPNN,input,0.6440763473510742,27,I,D,input,A
543,ThermoMPNN,input,0.49895426630973816,27,I,E,input,A
544,ThermoMPNN,input,0.00047004222869873047,27,I,F,input,A
545,ThermoMPNN,input,0.367794394493103,27,I,G,input,A
546,ThermoMPNN,input,0.1868484616279602,27,I,H,input,A
547,ThermoMPNN,input,0.0,27,I,I,input,A
548,ThermoMPNN,input,0.07383966445922852,27,I,K,input,A
549,ThermoMPNN,input,0.07025116682052612,27,I,L,input,A
550,ThermoMPNN,input,0.13628756999969482,27,I,M,input,A
551,ThermoMPNN,input,0.42706745862960815,27,I,N,input,A
552,ThermoMPNN,input,0.6192425489425659,27,I,P,input,A
553,ThermoMPNN,input,0.27734994888305664,27,I,Q,input,A
554,ThermoMPNN,input,0.08487951755523682,27,I,R,input,A
555,ThermoMPNN,input,0.2704479694366455,27,I,S,input,A
556,ThermoMPNN,input,0.2192974090576172,27,I,T,input,A
557,ThermoMPNN,input,0.14872348308563232,27,I,V,input,A
558,ThermoMPNN,input,0.09155541658401489,27,I,W,input,A
559,ThermoMPNN,input,-0.024834096431732178,27,I,Y,input,A
560,ThermoMPNN,input,0.35505741834640503,28,R,A,input,A
561,ThermoMPNN,input,0.24671071767807007,28,R,C,input,A
562,ThermoMPNN,input,0.7993380427360535,28,R,D,input,A
563,ThermoMPNN,input,0.6183732748031616,28,R,E,input,A
564,ThermoMPNN,input,0.2669299840927124,28,R,F,input,A
565,ThermoMPNN,input,0.5921972990036011,28,R,G,input,A
566,ThermoMPNN,input,0.31356388330459595,28,R,H,input,A
567,ThermoMPNN,input,0.3384283781051636,28,R,I,input,A
568,ThermoMPNN,input,0.07720935344696045,28,R,K,input,A
569,ThermoMPNN,input,0.37804675102233887,28,R,L,input,A
570,ThermoMPNN,input,0.4592438340187073,28,R,M,input,A
571,ThermoMPNN,input,0.46998029947280884,28,R,N,input,A
572,ThermoMPNN,input,0.6240482330322266,28,R,P,input,A
573,ThermoMPNN,input,0.4780316948890686,28,R,Q,input,A
574,ThermoMPNN,input,0.0,28,R,R,input,A
575,ThermoMPNN,input,0.4722890853881836,28,R,S,input,A
576,ThermoMPNN,input,0.39625102281570435,28,R,T,input,A
577,ThermoMPNN,input,0.37651073932647705,28,R,V,input,A
578,ThermoMPNN,input,0.2382413148880005,28,R,W,input,A
579,ThermoMPNN,input,0.16610944271087646,28,R,Y,input,A
580,ThermoMPNN,input,0.2479304075241089,29,K,A,input,A
581,ThermoMPNN,input,-0.022457659244537354,29,K,C,input,A
582,ThermoMPNN,input,0.6086299419403076,29,K,D,input,A
583,ThermoMPNN,input,0.4364379048347473,29,K,E,input,A
584,ThermoMPNN,input,-0.009686708450317383,29,K,F,input,A
585,ThermoMPNN,input,0.5581969022750854,29,K,G,input,A
586,ThermoMPNN,input,0.022317051887512207,29,K,H,input,A
587,ThermoMPNN,input,0.014548659324645996,29,K,I,input,A
588,ThermoMPNN,input,0.0,29,K,K,input,A
589,ThermoMPNN,input,0.21227538585662842,29,K,L,input,A
590,ThermoMPNN,input,0.2214949131011963,29,K,M,input,A
591,ThermoMPNN,input,0.38888078927993774,29,K,N,input,A
592,ThermoMPNN,input,0.3757935166358948,29,K,P,input,A
593,ThermoMPNN,input,0.19716572761535645,29,K,Q,input,A
594,ThermoMPNN,input,-0.03174793720245361,29,K,R,input,A
595,ThermoMPNN,input,0.23212945461273193,29,K,S,input,A
596,ThermoMPNN,input,0.15850651264190674,29,K,T,input,A
597,ThermoMPNN,input,0.010635733604431152,29,K,V,input,A
598,ThermoMPNN,input,0.032053589820861816,29,K,W,input,A
599,ThermoMPNN,input,-0.04891824722290039,29,K,Y,input,A
600,ThermoMPNN,input,0.11998307704925537,30,S,A,input,A
601,ThermoMPNN,input,0.1771971583366394,30,S,C,input,A
602,ThermoMPNN,input,0.20930325984954834,30,S,D,input,A
603,ThermoMPNN,input,0.24523591995239258,30,S,E,input,A
604,ThermoMPNN,input,0.2904855012893677,30,S,F,input,A
605,ThermoMPNN,input,0.12692952156066895,30,S,G,input,A
606,ThermoMPNN,input,0.3446669578552246,30,S,H,input,A
607,ThermoMPNN,input,0.48747920989990234,30,S,I,input,A
608,ThermoMPNN,input,0.2645372748374939,30,S,K,input,A
609,ThermoMPNN,input,0.46321529150009155,30,S,L,input,A
610,ThermoMPNN,input,0.41660356521606445,30,S,M,input,A
611,ThermoMPNN,input,0.19665175676345825,30,S,N,input,A
612,ThermoMPNN,input,0.28830868005752563,30,S,P,input,A
613,ThermoMPNN,input,0.2949475049972534,30,S,Q,input,A
614,ThermoMPNN,input,0.297784686088562,30,S,R,input,A
615,ThermoMPNN,input,0.0,30,S,S,input,A
616,ThermoMPNN,input,0.10394704341888428,30,S,T,input,A
617,ThermoMPNN,input,0.4845274090766907,30,S,V,input,A
618,ThermoMPNN,input,0.16196125745773315,30,S,W,input,A
619,ThermoMPNN,input,0.3484364151954651,30,S,Y,input,A
620,ThermoMPNN,input,0.0,31,A,A,input,A
621,ThermoMPNN,input,-0.024236738681793213,31,A,C,input,A
622,ThermoMPNN,input,0.09230673313140869,31,A,D,input,A
623,ThermoMPNN,input,0.024116218090057373,31,A,E,input,A
624,ThermoMPNN,input,0.32022446393966675,31,A,F,input,A
625,ThermoMPNN,input,0.08783310651779175,31,A,G,input,A
626,ThermoMPNN,input,0.2083403468132019,31,A,H,input,A
627,ThermoMPNN,input,0.32658445835113525,31,A,I,input,A
628,ThermoMPNN,input,0.18234211206436157,31,A,K,input,A
629,ThermoMPNN,input,0.18002575635910034,31,A,L,input,A
630,ThermoMPNN,input,0.20253068208694458,31,A,M,input,A
631,ThermoMPNN,input,0.10134154558181763,31,A,N,input,A
632,ThermoMPNN,input,0.6194635033607483,31,A,P,input,A
633,ThermoMPNN,input,0.1380128264427185,31,A,Q,input,A
634,ThermoMPNN,input,0.25889837741851807,31,A,R,input,A
635,ThermoMPNN,input,0.0914618968963623,31,A,S,input,A
636,ThermoMPNN,input,0.13710886240005493,31,A,T,input,A
637,ThermoMPNN,input,0.28376340866088867,31,A,V,input,A
638,ThermoMPNN,input,0.3077040910720825,31,A,W,input,A
639,ThermoMPNN,input,0.3914857506752014,31,A,Y,input,A
640,ThermoMPNN,input,0.44156843423843384,32,D,A,input,A
641,ThermoMPNN,input,0.23368006944656372,32,D,C,input,A
642,ThermoMPNN,input,0.0,32,D,D,input,A
643,ThermoMPNN,input,0.2187645435333252,32,D,E,input,A
644,ThermoMPNN,input,0.6235344409942627,32,D,F,input,A
645,ThermoMPNN,input,0.49267882108688354,32,D,G,input,A
646,ThermoMPNN,input,0.5617129802703857,32,D,H,input,A
647,ThermoMPNN,input,0.7300589084625244,32,D,I,input,A
648,ThermoMPNN,input,0.6824241876602173,32,D,K,input,A
649,ThermoMPNN,input,0.5736499428749084,32,D,L,input,A
650,ThermoMPNN,input,0.6270574331283569,32,D,M,input,A
651,ThermoMPNN,input,0.35227328538894653,32,D,N,input,A
652,ThermoMPNN,input,0.6844684481620789,32,D,P,input,A
653,ThermoMPNN,input,0.5389000177383423,32,D,Q,input,A
654,ThermoMPNN,input,0.7486392259597778,32,D,R,input,A
655,ThermoMPNN,input,0.3673100471496582,32,D,S,input,A
656,ThermoMPNN,input,0.48631519079208374,32,D,T,input,A
657,ThermoMPNN,input,0.7416948676109314,32,D,V,input,A
658,ThermoMPNN,input,0.488559365272522,32,D,W,input,A
659,ThermoMPNN,input,0.6983551979064941,32,D,Y,input,A
660,ThermoMPNN,input,0.4897942543029785,33,D,A,input,A
661,ThermoMPNN,input,0.10685157775878906,33,D,C,input,A
662,ThermoMPNN,input,0.0,33,D,D,input,A
663,ThermoMPNN,input,0.4468309283256531,33,D,E,input,A
664,ThermoMPNN,input,0.5585939884185791,33,D,F,input,A
665,ThermoMPNN,input,0.32003700733184814,33,D,G,input,A
666,ThermoMPNN,input,0.48511356115341187,33,D,H,input,A
667,ThermoMPNN,input,0.7431497573852539,33,D,I,input,A
668,ThermoMPNN,input,0.7597060203552246,33,D,K,input,A
669,ThermoMPNN,input,0.7338457703590393,33,D,L,input,A
670,ThermoMPNN,input,0.7561226487159729,33,D,M,input,A
671,ThermoMPNN,input,0.25085628032684326,33,D,N,input,A
672,ThermoMPNN,input,1.0719249248504639,33,D,P,input,A
673,ThermoMPNN,input,0.7135776877403259,33,D,Q,input,A
674,ThermoMPNN,input,0.7627805471420288,33,D,R,input,A
675,ThermoMPNN,input,0.18939661979675293,33,D,S,input,A
676,ThermoMPNN,input,0.24981224536895752,33,D,T,input,A
677,ThermoMPNN,input,0.7205890417098999,33,D,V,input,A
678,ThermoMPNN,input,0.45607155561447144,33,D,W,input,A
679,ThermoMPNN,input,0.5584275126457214,33,D,Y,input,A
680,ThermoMPNN,input,0.0513918399810791,34,S,A,input,A
681,ThermoMPNN,input,0.02986997365951538,34,S,C,input,A
682,ThermoMPNN,input,0.2586684823036194,34,S,D,input,A
683,ThermoMPNN,input,0.2596626877784729,34,S,E,input,A
684,ThermoMPNN,input,0.22611510753631592,34,S,F,input,A
685,ThermoMPNN,input,0.26332736015319824,34,S,G,input,A
686,ThermoMPNN,input,0.248881995677948,34,S,H,input,A
687,ThermoMPNN,input,0.32230228185653687,34,S,I,input,A
688,ThermoMPNN,input,0.1445731520652771,34,S,K,input,A
689,ThermoMPNN,input,0.31285977363586426,34,S,L,input,A
690,ThermoMPNN,input,0.25208818912506104,34,S,M,input,A
691,ThermoMPNN,input,0.1953185796737671,34,S,N,input,A
692,ThermoMPNN,input,0.4441167712211609,34,S,P,input,A
693,ThermoMPNN,input,0.22478997707366943,34,S,Q,input,A
694,ThermoMPNN,input,0.1390971541404724,34,S,R,input,A
695,ThermoMPNN,input,0.0,34,S,S,input,A
696,ThermoMPNN,input,0.16711747646331787,34,S,T,input,A
697,ThermoMPNN,input,0.38165104389190674,34,S,V,input,A
698,ThermoMPNN,input,0.11524921655654907,34,S,W,input,A
699,ThermoMPNN,input,0.2573425769805908,34,S,Y,input,A
700,ThermoMPNN,input,-0.5044993162155151,35,V,A,input,A
701,ThermoMPNN,input,-0.0948832631111145,35,V,C,input,A
702,ThermoMPNN,input,0.6177431344985962,35,V,D,input,A
703,ThermoMPNN,input,0.488994836807251,35,V,E,input,A
704,ThermoMPNN,input,0.0541456937789917,35,V,F,input,A
705,ThermoMPNN,input,-0.20405006408691406,35,V,G,input,A
706,ThermoMPNN,input,0.4520814120769501,35,V,H,input,A
707,ThermoMPNN,input,0.21285051107406616,35,V,I,input,A
708,ThermoMPNN,input,0.47374245524406433,35,V,K,input,A
709,ThermoMPNN,input,0.32471174001693726,35,V,L,input,A
710,ThermoMPNN,input,0.26443541049957275,35,V,M,input,A
711,ThermoMPNN,input,0.6527137160301208,35,V,N,input,A
712,ThermoMPNN,input,0.7784218192100525,35,V,P,input,A
713,ThermoMPNN,input,0.5149924755096436,35,V,Q,input,A
714,ThermoMPNN,input,0.2836478352546692,35,V,R,input,A
715,ThermoMPNN,input,0.17361879348754883,35,V,S,input,A
716,ThermoMPNN,input,0.34344321489334106,35,V,T,input,A
717,ThermoMPNN,input,0.0,35,V,V,input,A
718,ThermoMPNN,input,0.060929298400878906,35,V,W,input,A
719,ThermoMPNN,input,0.032783567905426025,35,V,Y,input,A
720,ThermoMPNN,input,0.21693885326385498,36,S,A,input,A
721,ThermoMPNN,input,-0.07618749141693115,36,S,C,input,A
722,ThermoMPNN,input,0.47900092601776123,36,S,D,input,A
723,ThermoMPNN,input,0.2961217164993286,36,S,E,input,A
724,ThermoMPNN,input,-0.04423117637634277,36,S,F,input,A
725,ThermoMPNN,input,0.39943933486938477,36,S,G,input,A
726,ThermoMPNN,input,0.05898475646972656,36,S,H,input,A
727,ThermoMPNN,input,0.2999756336212158,36,S,I,input,A
728,ThermoMPNN,input,0.1572003960609436,36,S,K,input,A
729,ThermoMPNN,input,0.3327164053916931,36,S,L,input,A
730,ThermoMPNN,input,0.30158621072769165,36,S,M,input,A
731,ThermoMPNN,input,0.1276874542236328,36,S,N,input,A
732,ThermoMPNN,input,0.684429407119751,36,S,P,input,A
733,ThermoMPNN,input,0.2522820234298706,36,S,Q,input,A
734,ThermoMPNN,input,0.17117071151733398,36,S,R,input,A
735,ThermoMPNN,input,0.0,36,S,S,input,A
736,ThermoMPNN,input,-0.1330277919769287,36,S,T,input,A
737,ThermoMPNN,input,0.20953422784805298,36,S,V,input,A
738,ThermoMPNN,input,-0.1175837516784668,36,S,W,input,A
739,ThermoMPNN,input,-0.10485243797302246,36,S,Y,input,A
740,ThermoMPNN,input,0.0,37,A,A,input,A
741,ThermoMPNN,input,0.16443097591400146,37,A,C,input,A
742,ThermoMPNN,input,0.7036526799201965,37,A,D,input,A
743,ThermoMPNN,input,0.35648274421691895,37,A,E,input,A
744,ThermoMPNN,input,0.3445459008216858,37,A,F,input,A
745,ThermoMPNN,input,0.6076028943061829,37,A,G,input,A
746,ThermoMPNN,input,0.4264233112335205,37,A,H,input,A
747,ThermoMPNN,input,0.279582679271698,37,A,I,input,A
748,ThermoMPNN,input,0.2224518060684204,37,A,K,input,A
749,ThermoMPNN,input,0.25021249055862427,37,A,L,input,A
750,ThermoMPNN,input,0.21289461851119995,37,A,M,input,A
751,ThermoMPNN,input,0.6163345575332642,37,A,N,input,A
752,ThermoMPNN,input,1.1966077089309692,37,A,P,input,A
753,ThermoMPNN,input,0.2316502332687378,37,A,Q,input,A
754,ThermoMPNN,input,0.22260183095932007,37,A,R,input,A
755,ThermoMPNN,input,0.3812772035598755,37,A,S,input,A
756,ThermoMPNN,input,0.4724472165107727,37,A,T,input,A
757,ThermoMPNN,input,0.2517947554588318,37,A,V,input,A
758,ThermoMPNN,input,0.24598604440689087,37,A,W,input,A
759,ThermoMPNN,input,0.32846343517303467,37,A,Y,input,A
760,ThermoMPNN,input,0.057433247566223145,38,Q,A,input,A
761,ThermoMPNN,input,-0.044626832008361816,38,Q,C,input,A
762,ThermoMPNN,input,0.08691465854644775,38,Q,D,input,A
763,ThermoMPNN,input,0.04264676570892334,38,Q,E,input,A
764,ThermoMPNN,input,0.21523094177246094,38,Q,F,input,A
765,ThermoMPNN,input,0.298653781414032,38,Q,G,input,A
766,ThermoMPNN,input,0.0889737606048584,38,Q,H,input,A
767,ThermoMPNN,input,0.2142898440361023,38,Q,I,input,A
768,ThermoMPNN,input,0.07326406240463257,38,Q,K,input,A
769,ThermoMPNN,input,0.13208121061325073,38,Q,L,input,A
770,ThermoMPNN,input,0.1771281361579895,38,Q,M,input,A
771,ThermoMPNN,input,0.08744043111801147,38,Q,N,input,A
772,ThermoMPNN,input,0.7793534994125366,38,Q,P,input,A
773,ThermoMPNN,input,0.0,38,Q,Q,input,A
774,ThermoMPNN,input,0.13010454177856445,38,Q,R,input,A
775,ThermoMPNN,input,0.06624424457550049,38,Q,S,input,A
776,ThermoMPNN,input,0.1359614133834839,38,Q,T,input,A
777,ThermoMPNN,input,0.20256727933883667,38,Q,V,input,A
778,ThermoMPNN,input,0.1867661476135254,38,Q,W,input,A
779,ThermoMPNN,input,0.2163042426109314,38,Q,Y,input,A
780,ThermoMPNN,input,0.057749032974243164,39,E,A,input,A
781,ThermoMPNN,input,0.1405438780784607,39,E,C,input,A
782,ThermoMPNN,input,0.5484689474105835,39,E,D,input,A
783,ThermoMPNN,input,0.0,39,E,E,input,A
784,ThermoMPNN,input,0.25092440843582153,39,E,F,input,A
785,ThermoMPNN,input,0.614341139793396,39,E,G,input,A
786,ThermoMPNN,input,0.437386155128479,39,E,H,input,A
787,ThermoMPNN,input,0.20731693506240845,39,E,I,input,A
788,ThermoMPNN,input,0.4822445511817932,39,E,K,input,A
789,ThermoMPNN,input,0.33144521713256836,39,E,L,input,A
790,ThermoMPNN,input,0.2726375460624695,39,E,M,input,A
791,ThermoMPNN,input,0.6670928001403809,39,E,N,input,A
792,ThermoMPNN,input,1.0483500957489014,39,E,P,input,A
793,ThermoMPNN,input,0.31121915578842163,39,E,Q,input,A
794,ThermoMPNN,input,0.4307039976119995,39,E,R,input,A
795,ThermoMPNN,input,0.39350342750549316,39,E,S,input,A
796,ThermoMPNN,input,0.4103580713272095,39,E,T,input,A
797,ThermoMPNN,input,0.2368236780166626,39,E,V,input,A
798,ThermoMPNN,input,0.07129490375518799,39,E,W,input,A
799,ThermoMPNN,input,0.10073637962341309,39,E,Y,input,A
800,ThermoMPNN,input,-0.16895198822021484,40,K,A,input,A
801,ThermoMPNN,input,-0.21902787685394287,40,K,C,input,A
802,ThermoMPNN,input,0.0020731687545776367,40,K,D,input,A
803,ThermoMPNN,input,-0.18630975484848022,40,K,E,input,A
804,ThermoMPNN,input,-0.021327972412109375,40,K,F,input,A
805,ThermoMPNN,input,0.30087679624557495,40,K,G,input,A
806,ThermoMPNN,input,-0.041584908962249756,40,K,H,input,A
807,ThermoMPNN,input,-0.08859968185424805,40,K,I,input,A
808,ThermoMPNN,input,0.0,40,K,K,input,A
809,ThermoMPNN,input,-0.028480231761932373,40,K,L,input,A
810,ThermoMPNN,input,-0.032378435134887695,40,K,M,input,A
811,ThermoMPNN,input,0.1111290454864502,40,K,N,input,A
812,ThermoMPNN,input,0.49981606006622314,40,K,P,input,A
813,ThermoMPNN,input,-0.125840961933136,40,K,Q,input,A
814,ThermoMPNN,input,-0.03059852123260498,40,K,R,input,A
815,ThermoMPNN,input,-0.007250010967254639,40,K,S,input,A
816,ThermoMPNN,input,0.06826001405715942,40,K,T,input,A
817,ThermoMPNN,input,-0.10997277498245239,40,K,V,input,A
818,ThermoMPNN,input,-0.20065522193908691,40,K,W,input,A
819,ThermoMPNN,input,-0.06725811958312988,40,K,Y,input,A
820,ThermoMPNN,input,0.11569559574127197,41,Q,A,input,A
821,ThermoMPNN,input,0.08212059736251831,41,Q,C,input,A
822,ThermoMPNN,input,0.520818829536438,41,Q,D,input,A
823,ThermoMPNN,input,0.3702538013458252,41,Q,E,input,A
824,ThermoMPNN,input,0.35373276472091675,41,Q,F,input,A
825,ThermoMPNN,input,0.5012004375457764,41,Q,G,input,A
826,ThermoMPNN,input,0.22824060916900635,41,Q,H,input,A
827,ThermoMPNN,input,0.2093442678451538,41,Q,I,input,A
828,ThermoMPNN,input,-0.08426618576049805,41,Q,K,input,A
829,ThermoMPNN,input,0.20612645149230957,41,Q,L,input,A
830,ThermoMPNN,input,0.1807805299758911,41,Q,M,input,A
831,ThermoMPNN,input,0.31044548749923706,41,Q,N,input,A
832,ThermoMPNN,input,0.7601233720779419,41,Q,P,input,A
833,ThermoMPNN,input,0.0,41,Q,Q,input,A
834,ThermoMPNN,input,-0.016993165016174316,41,Q,R,input,A
835,ThermoMPNN,input,0.16824859380722046,41,Q,S,input,A
836,ThermoMPNN,input,0.22617745399475098,41,Q,T,input,A
837,ThermoMPNN,input,0.2089264988899231,41,Q,V,input,A
838,ThermoMPNN,input,0.22289413213729858,41,Q,W,input,A
839,ThermoMPNN,input,0.31774234771728516,41,Q,Y,input,A
840,ThermoMPNN,input,0.06252938508987427,42,T,A,input,A
841,ThermoMPNN,input,0.19341540336608887,42,T,C,input,A
842,ThermoMPNN,input,0.4733086824417114,42,T,D,input,A
843,ThermoMPNN,input,0.5032776594161987,42,T,E,input,A
844,ThermoMPNN,input,0.35658472776412964,42,T,F,input,A
845,ThermoMPNN,input,0.3357277512550354,42,T,G,input,A
846,ThermoMPNN,input,0.30056679248809814,42,T,H,input,A
847,ThermoMPNN,input,0.38490015268325806,42,T,I,input,A
848,ThermoMPNN,input,0.4413682818412781,42,T,K,input,A
849,ThermoMPNN,input,0.44520413875579834,42,T,L,input,A
850,ThermoMPNN,input,0.41558146476745605,42,T,M,input,A
851,ThermoMPNN,input,0.37309831380844116,42,T,N,input,A
852,ThermoMPNN,input,0.6836141347885132,42,T,P,input,A
853,ThermoMPNN,input,0.4237212538719177,42,T,Q,input,A
854,ThermoMPNN,input,0.36773377656936646,42,T,R,input,A
855,ThermoMPNN,input,0.005754590034484863,42,T,S,input,A
856,ThermoMPNN,input,0.0,42,T,T,input,A
857,ThermoMPNN,input,0.4106399416923523,42,T,V,input,A
858,ThermoMPNN,input,0.15252381563186646,42,T,W,input,A
859,ThermoMPNN,input,0.20546644926071167,42,T,Y,input,A
860,ThermoMPNN,input,0.08018970489501953,43,L,A,input,A
861,ThermoMPNN,input,-0.14659982919692993,43,L,C,input,A
862,ThermoMPNN,input,0.06001514196395874,43,L,D,input,A
863,ThermoMPNN,input,0.0007864832878112793,43,L,E,input,A
864,ThermoMPNN,input,-0.14024877548217773,43,L,F,input,A
865,ThermoMPNN,input,0.49969708919525146,43,L,G,input,A
866,ThermoMPNN,input,0.20058268308639526,43,L,H,input,A
867,ThermoMPNN,input,0.035765230655670166,43,L,I,input,A
868,ThermoMPNN,input,0.23223745822906494,43,L,K,input,A
869,ThermoMPNN,input,0.0,43,L,L,input,A
870,ThermoMPNN,input,-0.01047980785369873,43,L,M,input,A
871,ThermoMPNN,input,0.29680782556533813,43,L,N,input,A
872,ThermoMPNN,input,0.4766233265399933,43,L,P,input,A
873,ThermoMPNN,input,0.13252222537994385,43,L,Q,input,A
874,ThermoMPNN,input,0.1597573161125183,43,L,R,input,A
875,ThermoMPNN,input,0.24614214897155762,43,L,S,input,A
876,ThermoMPNN,input,0.2231387495994568,43,L,T,input,A
877,ThermoMPNN,input,0.13094651699066162,43,L,V,input,A
878,ThermoMPNN,input,-0.40096670389175415,43,L,W,input,A
879,ThermoMPNN,input,-0.14535897970199585,43,L,Y,input,A
880,ThermoMPNN,input,0.08339959383010864,44,I,A,input,A
881,ThermoMPNN,input,-0.08030563592910767,44,I,C,input,A
882,ThermoMPNN,input,0.12410223484039307,44,I,D,input,A
883,ThermoMPNN,input,0.13201695680618286,44,I,E,input,A
884,ThermoMPNN,input,-0.14964884519577026,44,I,F,input,A
885,ThermoMPNN,input,0.2937370538711548,44,I,G,input,A
886,ThermoMPNN,input,0.09464484453201294,44,I,H,input,A
887,ThermoMPNN,input,0.0,44,I,I,input,A
888,ThermoMPNN,input,0.06022310256958008,44,I,K,input,A
889,ThermoMPNN,input,0.03166651725769043,44,I,L,input,A
890,ThermoMPNN,input,0.008257627487182617,44,I,M,input,A
891,ThermoMPNN,input,0.17191404104232788,44,I,N,input,A
892,ThermoMPNN,input,0.3853285610675812,44,I,P,input,A
893,ThermoMPNN,input,0.07450824975967407,44,I,Q,input,A
894,ThermoMPNN,input,0.02184063196182251,44,I,R,input,A
895,ThermoMPNN,input,0.1261836290359497,44,I,S,input,A
896,ThermoMPNN,input,0.10545176267623901,44,I,T,input,A
897,ThermoMPNN,input,0.053904831409454346,44,I,V,input,A
898,ThermoMPNN,input,-0.24679583311080933,44,I,W,input,A
899,ThermoMPNN,input,-0.06162619590759277,44,I,Y,input,A
900,ThermoMPNN,input,-0.0966787338256836,45,D,A,input,A
901,ThermoMPNN,input,-0.2583426237106323,45,D,C,input,A
902,ThermoMPNN,input,0.0,45,D,D,input,A
903,ThermoMPNN,input,-0.03926151990890503,45,D,E,input,A
904,ThermoMPNN,input,-0.26284122467041016,45,D,F,input,A
905,ThermoMPNN,input,0.3540618419647217,45,D,G,input,A
906,ThermoMPNN,input,-0.06217676401138306,45,D,H,input,A
907,ThermoMPNN,input,-0.313135027885437,45,D,I,input,A
908,ThermoMPNN,input,-0.15928900241851807,45,D,K,input,A
909,ThermoMPNN,input,-0.23903995752334595,45,D,L,input,A
910,ThermoMPNN,input,-0.17475742101669312,45,D,M,input,A
911,ThermoMPNN,input,0.044782042503356934,45,D,N,input,A
912,ThermoMPNN,input,0.5751081705093384,45,D,P,input,A
913,ThermoMPNN,input,-0.13650161027908325,45,D,Q,input,A
914,ThermoMPNN,input,-0.19728994369506836,45,D,R,input,A
915,ThermoMPNN,input,-0.004944920539855957,45,D,S,input,A
916,ThermoMPNN,input,-0.08500850200653076,45,D,T,input,A
917,ThermoMPNN,input,-0.2428041696548462,45,D,V,input,A
918,ThermoMPNN,input,-0.38603711128234863,45,D,W,input,A
919,ThermoMPNN,input,-0.26918667554855347,45,D,Y,input,A
920,ThermoMPNN,input,0.25262027978897095,46,H,A,input,A
921,ThermoMPNN,input,-0.08919483423233032,46,H,C,input,A
922,ThermoMPNN,input,0.5197768211364746,46,H,D,input,A
923,ThermoMPNN,input,0.3824807405471802,46,H,E,input,A
924,ThermoMPNN,input,0.05459648370742798,46,H,F,input,A
925,ThermoMPNN,input,0.5203325748443604,46,H,G,input,A
926,ThermoMPNN,input,0.0,46,H,H,input,A
927,ThermoMPNN,input,-0.02220553159713745,46,H,I,input,A
928,ThermoMPNN,input,0.2534308433532715,46,H,K,input,A
929,ThermoMPNN,input,0.101962149143219,46,H,L,input,A
930,ThermoMPNN,input,0.14171314239501953,46,H,M,input,A
931,ThermoMPNN,input,0.2752615809440613,46,H,N,input,A
932,ThermoMPNN,input,0.5837328433990479,46,H,P,input,A
933,ThermoMPNN,input,0.28068405389785767,46,H,Q,input,A
934,ThermoMPNN,input,0.19540345668792725,46,H,R,input,A
935,ThermoMPNN,input,0.17957252264022827,46,H,S,input,A
936,ThermoMPNN,input,0.09736138582229614,46,H,T,input,A
937,ThermoMPNN,input,0.09342449903488159,46,H,V,input,A
938,ThermoMPNN,input,0.03626120090484619,46,H,W,input,A
939,ThermoMPNN,input,0.017542600631713867,46,H,Y,input,A
940,ThermoMPNN,input,-0.028799474239349365,47,L,A,input,A
941,ThermoMPNN,input,-0.1838626265525818,47,L,C,input,A
942,ThermoMPNN,input,-0.011966526508331299,47,L,D,input,A
943,ThermoMPNN,input,0.03995329141616821,47,L,E,input,A
944,ThermoMPNN,input,-0.13631612062454224,47,L,F,input,A
945,ThermoMPNN,input,0.221341073513031,47,L,G,input,A
946,ThermoMPNN,input,0.03200417757034302,47,L,H,input,A
947,ThermoMPNN,input,-0.02972954511642456,47,L,I,input,A
948,ThermoMPNN,input,-0.01504504680633545,47,L,K,input,A
949,ThermoMPNN,input,0.0,47,L,L,input,A
950,ThermoMPNN,input,-0.01532679796218872,47,L,M,input,A
951,ThermoMPNN,input,0.08527165651321411,47,L,N,input,A
952,ThermoMPNN,input,0.3679431974887848,47,L,P,input,A
953,ThermoMPNN,input,-0.0029160380363464355,47,L,Q,input,A
954,ThermoMPNN,input,-0.05842745304107666,47,L,R,input,A
955,ThermoMPNN,input,0.01322031021118164,47,L,S,input,A
956,ThermoMPNN,input,0.0766446590423584,47,L,T,input,A
957,ThermoMPNN,input,0.01793086528778076,47,L,V,input,A
958,ThermoMPNN,input,-0.25841087102890015,47,L,W,input,A
959,ThermoMPNN,input,-0.09002220630645752,47,L,Y,input,A
960,ThermoMPNN,input,-0.00602954626083374,48,N,A,input,A
961,ThermoMPNN,input,-0.13165730237960815,48,N,C,input,A
962,ThermoMPNN,input,0.03074735403060913,48,N,D,input,A
963,ThermoMPNN,input,0.009007811546325684,48,N,E,input,A
964,ThermoMPNN,input,0.05376666784286499,48,N,F,input,A
965,ThermoMPNN,input,0.14269691705703735,48,N,G,input,A
966,ThermoMPNN,input,0.0768289566040039,48,N,H,input,A
967,ThermoMPNN,input,0.061532795429229736,48,N,I,input,A
968,ThermoMPNN,input,0.02435588836669922,48,N,K,input,A
969,ThermoMPNN,input,-0.02455812692642212,48,N,L,input,A
970,ThermoMPNN,input,0.0022014379501342773,48,N,M,input,A
971,ThermoMPNN,input,0.0,48,N,N,input,A
972,ThermoMPNN,input,0.3917122483253479,48,N,P,input,A
973,ThermoMPNN,input,0.019209861755371094,48,N,Q,input,A
974,ThermoMPNN,input,0.03663647174835205,48,N,R,input,A
975,ThermoMPNN,input,-0.0032609105110168457,48,N,S,input,A
976,ThermoMPNN,input,0.017760813236236572,48,N,T,input,A
977,ThermoMPNN,input,0.07640713453292847,48,N,V,input,A
978,ThermoMPNN,input,-0.041888296604156494,48,N,W,input,A
979,ThermoMPNN,input,0.10544079542160034,48,N,Y,input,A
